vertion,1
checkposition,1
FullName,Vaule1,value2,value3,value4
_var_begin
Home_T,,,,
Home_TONR,,,,
Home_TONR[0],,,,
Home_TONR[10],,,,
Home_TONR[11],,,,
Home_TONR[12],,,,
Home_TONR[13],,,,
Home_TONR[14],,,,
Home_TONR[15],,,,
Home_TONR[16],,,,
Home_TONR[17],,,,
Home_TONR[18],,,,
Home_TONR[19],,,,
Home_TONR[1],,,,
Home_TONR[20],,,,
Home_TONR[21],,,,
Home_TONR[22],,,,
Home_TONR[23],,,,
Home_TONR[24],,,,
Home_TONR[25],,,,
Home_TONR[26],,,,
Home_TONR[27],,,,
Home_TONR[28],,,,
Home_TONR[29],,,,
Home_TONR[2],,,,
Home_TONR[30],,,,
Home_TONR[31],,,,
Home_TONR[32],,,,
Home_TONR[33],,,,
Home_TONR[34],,,,
Home_TONR[35],,,,
Home_TONR[36],,,,
Home_TONR[37],,,,
Home_TONR[38],,,,
Home_TONR[39],,,,
Home_TONR[3],,,,
Home_TONR[40],,,,
Home_TONR[4],,,,
Home_TONR[5],,,,
Home_TONR[6],,,,
Home_TONR[7],,,,
Home_TONR[8],,,,
Home_TONR[9],,,,
_var_begin
SV_1_Done,,,,
SV_1_Done[0],,,,
SV_1_Done[1],,,,
SV_1_Done[2],,,,
SV_1_OK,,,,
SV_1_OK[0],,,,
SV_1_OK[1],,,,
SV_1_OK[2],,,,
_var_begin
SV_2_Done,,,,
SV_2_Done[0],,,,
SV_2_Done[1],,,,
SV_2_Done[2],,,,
SV_2_OK,,,,
SV_2_OK[0],,,,
SV_2_OK[1],,,,
SV_2_OK[2],,,,
_var_begin
SV_3_Done,,,,
SV_3_Done[0],,,,
SV_3_Done[1],,,,
SV_3_Done[2],,,,
SV_3_OK,,,,
SV_3_OK[0],,,,
SV_3_OK[1],,,,
SV_3_OK[2],,,,
_var_begin
伺服直线滑轨长度,,,,
轴直线滑轨长度,,,,
轴直线滑轨长度[0],,,,
轴直线滑轨长度[10],,,,
轴直线滑轨长度[11],,,,
轴直线滑轨长度[12],,,,
轴直线滑轨长度[13],,,,
轴直线滑轨长度[14],,,,
轴直线滑轨长度[15],,,,
轴直线滑轨长度[1],,,,
轴直线滑轨长度[2],,,,
轴直线滑轨长度[3],,,,
轴直线滑轨长度[4],,,,
轴直线滑轨长度[5],,,,
轴直线滑轨长度[6],,,,
轴直线滑轨长度[7],,,,
轴直线滑轨长度[8],,,,
轴直线滑轨长度[9],,,,
_var_begin
SV_Home_OK,,,,
SV_Home_OK[0],,,,
SV_Home_OK[1],,,,
SV_Home_OK[2],,,,
SV_Home_OK[3],,,,
SV_Home_OK[4],,,,
SV_Home_OK[5],,,,
SV_Home_OK[6],,,,
SV_Home_OK[7],,,,
SV_Home_OK[8],,,,
SV_Home_OK[9],,,,
_var_begin
Home_ABS_Data,,,,
